ProductID,ProductName,Price,CategoryID,CategoryName,Class,Resistant,IsAllergic,VitalityDays
374,Jagermeister,49.3846,5,Beverages,Low,Durable,False,0
144,"Placemat - Scallop, White",95.7865,5,Beverages,Medium,Durable,False,0
355,Olives - Stuffed,59.1687,5,Beverages,Low,Durable,False,12
280,Onion Powder,61.8352,5,Beverages,Medium,Durable,False,0
214,French Pastry - Mini Chocolate,61.2121,5,Beverages,Low,Durable,Unknown,0
171,Gloves - Goldtouch Disposable,21.6794,5,Beverages,High,Durable,False,0
219,Assorted Desserts,58.9787,5,Beverages,Low,Durable,False,0
402,Butter - Unsalted,76.3275,5,Beverages,High,Durable,Unknown,6
172,Sherry - Dry,16.0013,5,Beverages,High,Durable,Unknown,72
166,Tray - 16in Rnd Blk,23.2843,5,Beverages,High,Durable,False,0
187,"Pepper - Black, Whole",41.3835,3,Cereals,Medium,Durable,False,31
340,Veal - Sweetbread,28.2349,3,Cereals,High,Durable,True,0
394,Rum - Mount Gay Eclipes,50.1484,3,Cereals,High,Durable,True,76
24,"Beer - Alexander Kieths, Pale Ale",89.037,3,Cereals,Medium,Durable,True,65
427,Wine - Vineland Estate Semi - Dry,46.3252,3,Cereals,High,Durable,False,0
20,Chocolate - Feathers,85.9011,3,Cereals,Low,Durable,True,0
297,Hinge W Undercut,81.9003,3,Cereals,Low,Durable,True,120
264,Juice - V8 Splash,49.4497,3,Cereals,High,Durable,True,0
131,Anchovy Paste - 56 G Tube,40.8967,3,Cereals,Medium,Durable,False,0
331,Cookies Cereal Nut,67.3505,3,Cereals,High,Durable,Unknown,80
32,Lettuce - Treviso,96.4127,3,Cereals,High,Durable,True,0
180,Chocolate - Dark,30.8932,3,Cereals,Low,Durable,True,27
433,"Beans - Kidney, Red Dry",39.8762,3,Cereals,Low,Durable,False,11
337,Bread - Rye,83.5373,3,Cereals,Low,Durable,True,0
228,Sauce - Hollandaise,77.8083,3,Cereals,High,Durable,Unknown,93
1,Flour - Whole Wheat,74.2988,3,Cereals,Medium,Durable,Unknown,0
413,Ice Cream Bar - Oreo Cone,95.4065,3,Cereals,High,Durable,False,5
52,"Turnip - White, Organic",55.6059,1,Confections,Low,Durable,False,0
279,Beef - Texas Style Burger,91.1828,1,Confections,Low,Durable,True,0
141,Tea - Herbal Sweet Dreams,10.964,1,Confections,Low,Durable,True,37
343,Otomegusa Dashi Konbu,51.2061,1,Confections,High,Durable,False,0
156,Sprouts - Alfalfa,71.2264,1,Confections,High,Durable,False,0
388,Table Cloth 120 Round White,13.5389,1,Confections,Medium,Durable,True,0
307,Foam Cup 6 Oz,50.2256,1,Confections,High,Durable,Unknown,0
275,Corn Meal,50.146,1,Confections,Medium,Durable,True,88
451,Soup - Campbells Tomato Ravioli,93.5384,1,Confections,Low,Durable,False,0
351,Hot Chocolate - Individual,96.0823,1,Confections,High,Durable,Unknown,0
377,"Wine - Red, Cooking",75.0785,1,Confections,Medium,Durable,False,7
109,Muffin - Zero Transfat,49.3791,1,Confections,Medium,Durable,False,0
105,Ecolab - Mikroklene 4/4 L,68.8789,1,Confections,Medium,Durable,True,0
400,Carbonated Water - Blackcherry,18.1495,1,Confections,High,Durable,True,0
321,"Potatoes - Instant, Mashed",10.4007,1,Confections,Medium,Durable,Unknown,0
83,Lamb - Ground,50.8837,1,Confections,High,Durable,Unknown,116
198,Lime Cordial - Roses,35.2187,1,Confections,Low,Durable,False,60
170,Initation Crab Meat,20.6553,1,Confections,Medium,Durable,False,0
404,Pants Custom Dry Clean,65.028,1,Confections,Medium,Durable,False,0
250,"Soup - Campbells, Beef Barley",64.4951,1,Confections,Low,Durable,False,0
84,Peas - Frozen,90.3019,1,Confections,Medium,Durable,False,0
306,"Pepper - White, Ground",43.5953,4,Dairy,Low,Durable,True,117
345,Bread - Calabrese Baguette,98.5978,4,Dairy,Medium,Durable,False,67
12,Ezy Change Mophandle,49.3356,4,Dairy,Medium,Durable,True,0
283,Bread Fig And Almond,1.1882,4,Dairy,Low,Durable,False,0
101,"Soup - Campbells, Lentil",83.011,4,Dairy,Medium,Durable,Unknown,99
72,Bar - Granola Trail Mix Fruit Nut,62.2603,4,Dairy,High,Durable,False,0
188,Cup - Translucent 7 Oz Clear,78.1768,8,Grain,High,Durable,False,91
435,"Salsify, Organic",32.6109,8,Grain,High,Durable,True,0
61,Sardines,62.546,8,Grain,Low,Durable,False,90
371,Creme De Banane - Marie,82.4022,8,Grain,High,Durable,Unknown,0
49,Bacardi Breezer - Tropical,61.4317,8,Grain,High,Durable,False,0
173,Rosemary - Dry,44.544,8,Grain,Low,Durable,False,0
75,Chef Hat 20cm,4.18,8,Grain,High,Durable,Unknown,116
444,Cheese - Cambozola,44.0886,8,Grain,Low,Durable,Unknown,56
93,Bandage - Fexible 1x3,8.119,8,Grain,Low,Durable,False,11
217,Bread - Multigrain,96.52,8,Grain,Medium,Durable,True,0
146,Bananas,75.2486,7,Meat,High,Durable,False,0
362,Cumin - Whole,53.3476,7,Meat,Medium,Durable,Unknown,0
260,"Yogurt - Blueberry, 175 Gr",26.8886,7,Meat,Low,Durable,False,31
29,Spinach - Baby,33.5883,7,Meat,Low,Durable,True,50
44,"Wine - White, Colubia Cresh",48.5981,7,Meat,High,Durable,True,0
85,Cheese - Parmesan Cubes,86.8857,7,Meat,High,Durable,Unknown,0
138,"Rum - Coconut, Malibu",52.6367,7,Meat,Low,Durable,Unknown,0
192,"Wine - Magnotta, Merlot Sr Vqa",29.5923,7,Meat,Medium,Durable,Unknown,0
21,Kiwi,46.7252,7,Meat,High,Durable,Unknown,0
58,Dc Hikiage Hira Huba,20.1009,7,Meat,Low,Durable,Unknown,91
129,Chicken - Soup Base,67.2329,7,Meat,High,Durable,True,0
287,Bread - Italian Roll With Herbs,57.709,7,Meat,Medium,Durable,True,0
14,Beef - Top Sirloin,3.3324,7,Meat,Medium,Durable,True,0
414,Sauerkraut,83.0585,7,Meat,Low,Durable,Unknown,87
74,Carbonated Water - Cherry,13.6241,7,Meat,Medium,Durable,False,26
159,Eggplant - Asian,92.1053,7,Meat,Medium,Durable,True,0
262,Bagel - Plain,36.4605,7,Meat,Medium,Durable,Unknown,41
387,Fondant - Icing,41.6386,9,Poultry,High,Durable,False,100
11,Garbage Bags - Clear,6.2949,9,Poultry,Low,Durable,True,67
204,Scallop - St. Jaques,77.809,9,Poultry,Medium,Durable,True,5
7,Table Cloth - 53x69 Colour,31.837,9,Poultry,Medium,Durable,False,0
150,Langers - Ruby Red Grapfruit,40.6552,9,Poultry,High,Durable,False,0
277,Sea Bass - Whole,55.4964,9,Poultry,Medium,Durable,Unknown,118
100,"Pork - Loin, Bone - In",69.6501,9,Poultry,Low,Durable,Unknown,7
268,Vanilla Beans,97.8435,9,Poultry,Low,Durable,False,0
378,Bread Foccacia Whole,90.7877,9,Poultry,High,Durable,False,0
406,"Shrimp - Baby, Warm Water",89.7999,9,Poultry,High,Durable,False,0
145,Wine - Chardonnay South,34.4139,9,Poultry,Low,Durable,Unknown,27
4,"Sauce - Gravy, Au Jus, Mix",54.3055,9,Poultry,Medium,Durable,Unknown,0
110,Black Currants,40.9417,9,Poultry,High,Durable,Unknown,48
261,Chinese Foods - Chicken,22.0901,9,Poultry,High,Durable,True,0
190,Cake - Cake Sheet Macaroon,39.7378,9,Poultry,Medium,Durable,True,93
28,Sobe - Tropical Energy,12.3153,9,Poultry,High,Durable,True,0
373,Beef - Montreal Smoked Brisket,54.8719,9,Poultry,Medium,Durable,False,0
46,Lambcasing,86.7915,9,Poultry,High,Durable,False,0
36,Table Cloth 54x72 White,69.2574,9,Poultry,Low,Durable,True,0
77,Potatoes - Idaho 100 Count,11.4971,9,Poultry,Medium,Durable,False,0
167,Knife Plastic - White,78.8615,11,Produce,Medium,Durable,False,0
302,"Doilies - 5, Paper",61.1598,11,Produce,Medium,Durable,Unknown,0
376,Pasta - Angel Hair,40.8126,11,Produce,High,Durable,True,51
405,Pastry - Raisin Muffin - Mini,0.4278,11,Produce,Medium,Durable,True,0
140,"Oregano - Dry, Rubbed",68.1326,11,Produce,High,Durable,Unknown,16
121,Muffin Batt - Blueberry Passion,6.0976,11,Produce,Low,Durable,Unknown,0
409,Skirt - 29 Foot,23.522,11,Produce,Medium,Durable,Unknown,0
269,Wine - Blue Nun Qualitatswein,26.706,11,Produce,Medium,Durable,True,0
288,"Orange - Canned, Mandarin",78.8405,11,Produce,Low,Durable,True,0
309,Muffin Batt - Choc Chk,27.6344,11,Produce,Medium,Durable,True,76
338,Cheese - Camembert,28.9899,11,Produce,Low,Durable,Unknown,0
9,Rabbit - Whole,84.4219,11,Produce,Medium,Durable,Unknown,0
148,Beer - Sleemans Cream Ale,28.5553,11,Produce,Medium,Durable,True,91
23,Crab - Imitation Flakes,79.0184,11,Produce,Medium,Durable,True,0
13,"Water, Tap",28.2232,11,Produce,Low,Durable,False,69
293,Garlic - Elephant,60.9698,11,Produce,Medium,Durable,Unknown,0
359,Rice - Long Grain,69.0327,11,Produce,High,Durable,True,96
233,Duck - Breast,56.6209,11,Produce,Low,Durable,True,0
452,Napkin White - Starched,28.5653,11,Produce,Low,Durable,Unknown,0
257,"Pasta - Detalini, White, Fresh",84.438,11,Produce,High,Durable,Unknown,0
111,Scallops 60/80 Iqf,34.9061,11,Produce,Medium,Durable,Unknown,0
174,Guinea Fowl,61.5047,11,Produce,High,Durable,True,0
35,"Water - Mineral, Natural",15.7233,6,Seafood,Low,Durable,True,97
176,Smirnoff Green Apple Twist,81.3167,6,Seafood,High,Durable,True,90
356,Dc - Frozen Momji,17.1274,6,Seafood,High,Durable,Unknown,0
396,Tea - Jasmin Green,36.9165,6,Seafood,High,Durable,False,0
91,General Purpose Trigger,57.0429,6,Seafood,High,Durable,True,97
270,Cheese Cloth No 100,4.4216,6,Seafood,Medium,Durable,Unknown,101
235,Bread - English Muffin,34.5061,6,Seafood,High,Durable,False,0
308,Tea - Decaf Lipton,88.1209,6,Seafood,High,Durable,Unknown,0
71,Cheese - Wine,74.4076,6,Seafood,Low,Durable,Unknown,0
238,Garlic,28.4065,6,Seafood,Medium,Durable,False,0
76,Wine - Fume Blanc Fetzer,65.6765,6,Seafood,Low,Durable,False,95
68,"Beets - Candy Cane, Organic",84.8769,6,Seafood,High,Durable,False,72
256,Soup Knorr Chili With Beans,95.7024,6,Seafood,Medium,Durable,Unknown,0
328,Tuna - Salad Premix,96.8781,6,Seafood,Medium,Durable,True,35
179,Yoghurt Tubes,83.8752,6,Seafood,Low,Durable,Unknown,26
421,Soup V8 Roasted Red Pepper,38.8096,6,Seafood,High,Durable,False,0
88,Remy Red,91.996,2,Shell fish,Low,Durable,Unknown,0
281,"Bar Mix - Pina Colada, 355 Ml",33.0839,2,Shell fish,High,Durable,True,0
286,Beef - Prime Rib Aaa,40.4897,2,Shell fish,Low,Durable,False,29
120,Water - Spring Water 500ml,2.7314,2,Shell fish,Medium,Durable,Unknown,94
195,Beets - Mini Golden,3.5208,2,Shell fish,Medium,Durable,Unknown,70
438,Juice - Orange,44.9415,2,Shell fish,Low,Durable,Unknown,0
357,Tilapia - Fillets,6.8332,2,Shell fish,Medium,Durable,False,0
5,Artichokes - Jerusalem,65.4771,2,Shell fish,Low,Durable,True,27
31,Yeast Dry - Fermipan,73.9851,2,Shell fish,Medium,Durable,False,0
16,Kellogs Special K Cereal,54.7246,2,Shell fish,Low,Durable,True,0
128,Coffee - Irish Cream,4.6797,2,Shell fish,Medium,Durable,Unknown,71
430,Milk - 1%,46.2589,2,Shell fish,Low,Durable,False,84
336,Broom - Corn,71.9241,2,Shell fish,Low,Durable,True,0
385,"Pork - Back, Short Cut, Boneless",22.7091,10,Snails,High,Durable,False,97
226,"Chestnuts - Whole,canned",92.0872,10,Snails,Medium,Durable,True,0
437,Chips Potato All Dressed - 43g,83.5856,10,Snails,High,Durable,Unknown,0
415,Mussels - Frozen,8.0069,10,Snails,High,Durable,False,0
135,Wiberg Super Cure,10.9641,10,Snails,Low,Durable,False,61
137,"Wine - White, Schroder And Schyl",84.0566,10,Snails,Low,Durable,False,0
348,Pasta - Cheese / Spinach Bauletti,55.3683,10,Snails,Low,Durable,True,54
289,Sword Pick Asst,43.5169,10,Snails,Low,Durable,False,0
360,Wine - Hardys Bankside Shiraz,52.2407,10,Snails,Medium,Durable,True,89
324,Apricots - Dried,87.9023,10,Snails,Low,Durable,True,42
282,"Lemonade - Natural, 591 Ml",56.1506,10,Snails,Low,Durable,False,88
25,Soupcontfoam16oz 116con,80.7666,10,Snails,High,Durable,True,0
82,Jolt Cola - Electric Blue,56.8099,5,Beverages,Low,Unknown,Unknown,63
325,Halibut - Fletches,3.1657,5,Beverages,Low,Unknown,True,87
417,"Lamb - Pieces, Diced",43.3781,5,Beverages,Medium,Unknown,Unknown,12
231,Crush - Cream Soda,68.3066,5,Beverages,Medium,Unknown,True,0
276,Snapple - Iced Tea Peach,49.2508,5,Beverages,High,Unknown,True,0
369,Rambutan,87.1785,5,Beverages,Medium,Unknown,True,10
448,Gatorade - Xfactor Berry,76.8988,5,Beverages,Low,Unknown,False,0
147,Cheese - Mozzarella,49.6197,5,Beverages,High,Unknown,False,0
8,Halibut - Steaks,89.8573,5,Beverages,Medium,Unknown,True,108
300,"Beans - Kidney, Canned",69.5694,5,Beverages,Medium,Unknown,True,0
189,"Bread - Roll, Soft White Round",76.3021,5,Beverages,High,Unknown,False,16
392,Puree - Passion Fruit,98.8263,5,Beverages,High,Unknown,True,33
67,Wine - Sogrape Mateus Rose,3.7805,5,Beverages,Low,Unknown,True,108
104,Tia Maria,98.2471,5,Beverages,High,Unknown,False,0
271,Banana - Leaves,73.3954,5,Beverages,High,Unknown,True,0
403,Liners - Baking Cups,68.1898,5,Beverages,Medium,Unknown,Unknown,0
304,Banana Turning,72.1984,5,Beverages,High,Unknown,True,0
332,Bouq All Italian - Primerba,59.7578,5,Beverages,Low,Unknown,False,0
367,Bread - Italian Corn Meal Poly,63.8281,5,Beverages,Medium,Unknown,True,65
389,Pomello,62.4447,3,Cereals,Medium,Unknown,Unknown,103
450,Wine - Vidal Icewine Magnotta,7.107,3,Cereals,Low,Unknown,Unknown,0
55,Cinnamon Buns Sticky,6.6182,3,Cereals,High,Unknown,False,85
426,Scallops - Live In Shell,83.5759,3,Cereals,Low,Unknown,Unknown,0
372,Wine - Two Oceans Cabernet,6.2824,3,Cereals,Low,Unknown,True,0
221,Bread Crumbs - Panko,81.9008,3,Cereals,Low,Unknown,False,0
2,Cookie Chocolate Chip With,91.2329,3,Cereals,Medium,Unknown,Unknown,0
210,"Cheese - Brie,danish",82.2358,3,Cereals,High,Unknown,Unknown,0
57,Sausage - Breakfast,12.2145,3,Cereals,Low,Unknown,True,103
390,"Seedlings - Mix, Organic",1.2956,3,Cereals,Low,Unknown,False,0
209,Sugar - Fine,32.9885,3,Cereals,Low,Unknown,Unknown,0
447,"Salmon - Atlantic, Skin On",3.4198,3,Cereals,High,Unknown,True,0
206,Cocoa Butter,77.56,3,Cereals,Low,Unknown,Unknown,0
424,Vinegar - Tarragon,85.8828,3,Cereals,Medium,Unknown,False,0
222,"Sole - Dover, Whole, Fresh",0.6846,3,Cereals,High,Unknown,False,0
391,Bread - Bistro White,65.0908,1,Confections,Medium,Unknown,True,72
62,Pears - Bosc,19.5217,1,Confections,Medium,Unknown,Unknown,13
236,Tomato - Tricolor Cherry,85.694,1,Confections,Low,Unknown,True,113
69,Raspberries - Fresh,87.6092,1,Confections,Low,Unknown,True,0
440,Pork - Inside,32.9092,1,Confections,Low,Unknown,Unknown,0
216,Scallops - 10/20,39.0257,1,Confections,Low,Unknown,Unknown,0
181,Phyllo Dough,64.5718,1,Confections,Medium,Unknown,False,0
27,Chocolate - Compound Coating,17.1724,1,Confections,Medium,Unknown,Unknown,86
364,Cattail Hearts,8.8429,1,Confections,High,Unknown,Unknown,0
393,Olive - Spread Tapenade,59.9572,1,Confections,Low,Unknown,Unknown,0
346,Cheese - Parmesan Grated,17.1914,1,Confections,Low,Unknown,True,0
381,Vaccum Bag 10x13,44.2337,1,Confections,High,Unknown,Unknown,41
223,Pail With Metal Handle 16l White,94.4399,1,Confections,Medium,Unknown,Unknown,0
143,Watercress,42.6169,1,Confections,Medium,Unknown,True,0
290,Sauce - Rosee,38.8037,1,Confections,Low,Unknown,True,110
95,Beans - Kidney White,46.3913,1,Confections,High,Unknown,Unknown,0
197,Mussels - Cultivated,13.0101,1,Confections,Medium,Unknown,True,0
196,Longos - Grilled Salmon With Bbq,8.2286,1,Confections,High,Unknown,Unknown,0
342,Mangoes,69.5881,1,Confections,Medium,Unknown,False,51
158,Apricots Fresh,54.4643,4,Dairy,High,Unknown,False,18
380,Wine - White Cab Sauv.on,85.9743,4,Dairy,High,Unknown,True,0
299,Fuji Apples,80.1371,4,Dairy,Medium,Unknown,False,0
123,Oil - Shortening - All - Purpose,48.1487,4,Dairy,Low,Unknown,Unknown,0
352,"Beef - Tenderlion, Center Cut",24.6393,4,Dairy,Low,Unknown,False,5
102,"Rosemary - Primerba, Paste",62.257,4,Dairy,High,Unknown,False,0
408,Blueberries,68.7346,4,Dairy,Low,Unknown,False,0
366,Tahini Paste,80.4483,4,Dairy,High,Unknown,False,0
124,Macaroons - Two Bite Choc,18.2891,4,Dairy,Low,Unknown,True,81
449,Nantuket Peach Orange,42.1414,4,Dairy,Low,Unknown,False,0
349,Puree - Mocha,86.9086,4,Dairy,Medium,Unknown,True,0
298,Pop Shoppe Cream Soda,95.7387,4,Dairy,Medium,Unknown,False,0
368,Flour - Teff,18.2978,4,Dairy,Low,Unknown,False,0
375,Snapple Lemon Tea,83.1755,8,Grain,High,Unknown,True,80
6,Wine - Magnotta - Cab Sauv,79.7184,8,Grain,High,Unknown,Unknown,0
292,Turkey - Oven Roast Breast,34.5364,8,Grain,Low,Unknown,False,0
127,Island Oasis - Mango Daiquiri,54.1413,8,Grain,Medium,Unknown,False,34
40,Cocktail Napkin Blue,8.9372,8,Grain,Low,Unknown,Unknown,0
347,Pail For Lid 1537,94.6253,8,Grain,Low,Unknown,True,0
350,Isomalt,82.83,8,Grain,Low,Unknown,True,0
401,"Tart Shells - Sweet, 4",53.3634,8,Grain,High,Unknown,Unknown,51
152,"Lentils - Red, Dry",58.8128,7,Meat,Medium,Unknown,Unknown,26
248,Beef - Inside Round,99.3193,7,Meat,Low,Unknown,Unknown,0
113,Ocean Spray - Kiwi Strawberry,10.5964,7,Meat,Low,Unknown,False,106
253,Wanton Wrap,76.24,7,Meat,High,Unknown,Unknown,0
436,Table Cloth 81x81 White,67.9063,7,Meat,High,Unknown,False,25
428,Wine - Ruffino Chianti,4.7235,7,Meat,Medium,Unknown,True,48
285,Cheese - Mix,71.8302,7,Meat,Low,Unknown,Unknown,107
87,Wine - Pinot Noir Latour,3.7847,7,Meat,Low,Unknown,False,0
354,Crackers Cheez It,6.6975,7,Meat,Medium,Unknown,False,0
319,Towels - Paper / Kraft,77.6195,7,Meat,High,Unknown,Unknown,0
379,Smoked Paprika,89.3046,7,Meat,High,Unknown,False,81
103,Cream Of Tartar,72.7534,7,Meat,Low,Unknown,Unknown,0
37,"Nut - Pistachio, Shelled",80.3171,7,Meat,Low,Unknown,False,0
48,Pecan Raisin - Tarts,60.3625,7,Meat,Low,Unknown,Unknown,114
96,Cheese - Bocconcini,62.1993,7,Meat,High,Unknown,False,0
295,"Ice - Clear, 300 Lb For Carving",48.7695,7,Meat,Low,Unknown,True,0
259,Veal - Eye Of Round,67.4367,7,Meat,High,Unknown,True,71
41,"Cup - 6oz, Foam",81.721,7,Meat,Medium,Unknown,True,0
446,Sunflower Seed Raw,49.0452,7,Meat,High,Unknown,Unknown,18
303,Cod - Black Whole Fillet,72.6133,7,Meat,High,Unknown,False,0
90,Flavouring - Orange,69.32,9,Poultry,High,Unknown,True,37
320,Yogurt - French Vanilla,73.4396,9,Poultry,Low,Unknown,Unknown,0
211,Wine - Prosecco Valdobiaddene,2.0587,9,Poultry,Low,Unknown,True,76
326,Appetizer - Mushroom Tart,38.859,9,Poultry,High,Unknown,False,0
241,Cheese - Cheddarsliced,67.8151,9,Poultry,Medium,Unknown,Unknown,0
358,"Cheese - Boursin, Garlic / Herbs",84.7111,9,Poultry,Medium,Unknown,True,0
119,Soup Campbells - Italian Wedding,29.6372,11,Produce,Medium,Unknown,False,0
193,"Veal - Inside, Choice",60.5314,11,Produce,Medium,Unknown,False,19
164,Loquat,7.3982,11,Produce,Medium,Unknown,False,0
51,Wine - Crozes Hermitage E.,81.0134,11,Produce,Medium,Unknown,Unknown,0
157,"Juice - Cranberry, 341 Ml",14.1082,11,Produce,Medium,Unknown,False,19
313,Veal - Slab Bacon,39.9111,11,Produce,High,Unknown,Unknown,116
363,Cornflakes,48.7712,11,Produce,High,Unknown,True,0
439,"Beef - Chuck, Boneless",56.0919,11,Produce,Medium,Unknown,False,108
165,Bread Crumbs - Japanese Style,0.0449,6,Seafood,Low,Unknown,False,0
64,Vinegar - Sherry,16.5229,6,Seafood,Low,Unknown,True,94
194,Lettuce - Frisee,66.7357,6,Seafood,Medium,Unknown,False,0
315,Wine - Gato Negro Cabernet,93.8047,6,Seafood,Medium,Unknown,True,0
399,Berry Brulee,50.9114,6,Seafood,Medium,Unknown,True,0
410,Fenngreek Seed,18.356,6,Seafood,Low,Unknown,Unknown,91
442,Wine - Ej Gallo Sierra Valley,72.9041,6,Seafood,Medium,Unknown,Unknown,106
168,Milk - 2%,70.7419,6,Seafood,Medium,Unknown,True,29
411,Durian Fruit,42.0489,6,Seafood,Low,Unknown,True,0
126,Crackers - Trio,14.1914,6,Seafood,Low,Unknown,Unknown,76
163,Tomatoes Tear Drop,11.7708,6,Seafood,Low,Unknown,True,116
344,Sausage - Liver,63.5389,2,Shell fish,Low,Unknown,False,114
432,Beer - Original Organic Lager,32.7153,2,Shell fish,High,Unknown,False,44
423,"Fish - Scallops, Cold Smoked",55.8531,2,Shell fish,Medium,Unknown,Unknown,35
327,"Appetizer - Mini Egg Roll, Shrimp",7.1436,2,Shell fish,Medium,Unknown,False,0
130,Beef Wellington,41.9808,2,Shell fish,Low,Unknown,False,0
418,Truffle Cups - Brown,92.2516,2,Shell fish,Low,Unknown,True,0
443,Lettuce - Spring Mix,90.0169,2,Shell fish,Low,Unknown,False,79
244,Beef - Rib Eye Aaa,94.0664,2,Shell fish,Low,Unknown,True,0
267,Grapes - Red,5.125,2,Shell fish,Medium,Unknown,True,0
314,Salmon Steak - Cohoe 8 Oz,5.6015,2,Shell fish,Medium,Unknown,True,82
322,Onions - Vidalia,26.2846,2,Shell fish,Medium,Unknown,Unknown,0
81,Cookies - Assorted,86.6483,2,Shell fish,Medium,Unknown,Unknown,0
291,"Crab - Dungeness, Whole",1.2559,2,Shell fish,Medium,Unknown,False,0
18,"Lamb - Whole, Fresh",23.3966,10,Snails,Medium,Unknown,False,0
59,Pastry - Butterscotch Baked,73.5389,10,Snails,High,Unknown,False,0
169,Water - Aquafina Vitamin,68.5996,10,Snails,Medium,Unknown,False,0
330,Olives - Kalamata,18.7914,10,Snails,Medium,Unknown,False,0
384,Fond - Neutral,56.5197,10,Snails,High,Unknown,True,105
17,"Wine - White, Mosel Gold",43.9182,10,Snails,Medium,Unknown,Unknown,0
207,Coffee - Hazelnut Cream,14.2688,10,Snails,Medium,Unknown,True,116
318,Ecolab - Solid Fusion,57.261,10,Snails,High,Unknown,Unknown,76
412,Lettuce - California Mix,16.0456,5,Beverages,High,Weak,True,0
422,"Garlic - Primerba, Paste",50.2892,5,Beverages,High,Weak,Unknown,60
208,"Mushroom - Trumpet, Dry",8.7335,5,Beverages,Medium,Weak,False,15
99,Mustard - Seed,27.4874,5,Beverages,Low,Weak,True,0
251,"Oranges - Navel, 72",11.7087,5,Beverages,Low,Weak,True,7
200,Garlic - Peeled,11.1295,5,Beverages,Medium,Weak,False,0
239,"Soup - Campbells, Cream Of",7.6019,5,Beverages,Medium,Weak,True,0
227,Cheese - Taleggio D.o.p.,55.4699,5,Beverages,Low,Weak,False,0
205,"Turkey - Whole, Fresh",18.9757,5,Beverages,High,Weak,False,32
98,Shrimp - 31/40,99.8755,3,Cereals,High,Weak,False,0
255,Kellogs All Bran Bars,29.2287,3,Cereals,Low,Weak,False,0
296,Wine - Valpolicella Masi,31.3545,3,Cereals,Low,Weak,False,90
225,Wine - Charddonnay Errazuriz,10.3722,3,Cereals,Medium,Weak,Unknown,0
89,"Beef - Ground, Extra Lean, Fresh",36.7281,3,Cereals,Medium,Weak,True,0
19,Tea - Earl Grey,22.5614,3,Cereals,Medium,Weak,True,94
317,Water - Green Tea Refresher,35.2723,3,Cereals,Low,Weak,False,0
65,Brandy - Bar,21.1106,3,Cereals,High,Weak,False,0
419,Pork - Belly Fresh,86.1338,3,Cereals,Low,Weak,True,8
441,Blackberries,72.9439,3,Cereals,Medium,Weak,Unknown,0
232,Quiche Assorted,33.949,3,Cereals,Medium,Weak,False,0
177,"Coconut - Shredded, Sweet",69.1677,3,Cereals,Medium,Weak,True,0
116,Steam Pan - Half Size Deep,5.736,3,Cereals,Low,Weak,True,104
341,"Bread - Roll, Canadian Dinner",90.2641,1,Confections,Low,Weak,True,0
395,Juice - Lime,91.7833,1,Confections,Low,Weak,True,0
203,"Chicken - Leg, Boneless",59.9557,1,Confections,High,Weak,Unknown,29
312,Salmon - Sockeye Raw,84.0645,1,Confections,Low,Weak,True,54
107,Bread - French Baquette,7.4151,1,Confections,High,Weak,False,0
254,"Soup - Canadian Pea, Dry Mix",77.7804,1,Confections,Low,Weak,True,0
139,Chicken - Wieners,21.423,1,Confections,High,Weak,False,0
175,Oil - Safflower,91.7675,1,Confections,Low,Weak,True,52
42,Bread - Raisin Walnut Oval,81.0488,1,Confections,High,Weak,False,0
234,Tofu - Firm,72.7457,1,Confections,Medium,Weak,Unknown,0
397,Juice - Happy Planet,20.8169,1,Confections,Medium,Weak,False,70
92,"Wine - Red, Colio Cabernet",60.2161,1,Confections,Low,Weak,Unknown,0
224,Flour - Pastry,28.8618,1,Confections,High,Weak,False,0
108,Pasta - Orecchiette,79.0038,1,Confections,High,Weak,True,0
245,Grouper - Fresh,37.6791,1,Confections,Medium,Weak,Unknown,111
258,Tea - English Breakfast,31.0939,1,Confections,Low,Weak,Unknown,0
15,"Spoon - Soup, Plastic",32.442,1,Confections,Low,Weak,True,0
370,Muffin - Carrot Individual Wrap,21.8806,4,Dairy,Low,Weak,True,0
45,Beef - Ground Medium,79.5324,4,Dairy,Medium,Weak,True,0
425,Wine - Redchard Merritt,56.7898,4,Dairy,Medium,Weak,Unknown,0
153,Arizona - Green Tea,70.2382,4,Dairy,Low,Weak,False,0
252,Nantucket - Pomegranate Pear,27.8169,4,Dairy,Medium,Weak,Unknown,83
382,Soup - Campbells Bean Medley,51.7754,4,Dairy,Medium,Weak,Unknown,0
70,Squid - Tubes / Tenticles 10/20,63.1846,4,Dairy,Low,Weak,True,45
183,Spice - Peppercorn Melange,6.2154,4,Dairy,High,Weak,False,0
122,Table Cloth 62x114 White,11.7845,4,Dairy,High,Weak,False,0
154,Ice Cream Bar - Drumstick,24.756,4,Dairy,Medium,Weak,True,0
78,Wine - Magnotta - Belpaese,30.4202,4,Dairy,Medium,Weak,Unknown,0
97,Veal - Inside,24.7798,4,Dairy,Medium,Weak,True,0
429,Beef - Short Loin,57.6013,4,Dairy,High,Weak,False,0
273,Bandage - Flexible Neon,77.5913,4,Dairy,Medium,Weak,Unknown,0
240,Wine - Chablis 2003 Champs,70.8596,4,Dairy,Low,Weak,False,0
10,Scampi Tail,95.0957,4,Dairy,Low,Weak,True,105
186,Muffin Mix - Blueberry,82.0839,8,Grain,Low,Weak,False,0
114,Veal - Osso Bucco,79.5638,8,Grain,High,Weak,True,93
445,Pastry - Choclate Baked,59.2467,8,Grain,High,Weak,Unknown,76
201,Grenadine,96.3871,8,Grain,Medium,Weak,True,117
301,Beer - Labatt Blue,43.412,8,Grain,Medium,Weak,Unknown,0
53,Cassis,92.6279,8,Grain,Medium,Weak,True,0
218,Barramundi,85.1933,8,Grain,High,Weak,True,31
353,Milk Powder,18.1191,8,Grain,Medium,Weak,True,80
237,Mayonnaise - Individual Pkg,65.6303,8,Grain,Low,Weak,False,94
305,Pastry - Cheese Baked Scones,91.0997,8,Grain,Medium,Weak,True,19
334,Ecolab - Lime - A - Way 4/4 L,21.6133,7,Meat,High,Weak,True,0
365,"Wine - Red, Harrow Estates, Cab",12.6274,7,Meat,Medium,Weak,True,95
407,"Pepsi - Diet, 355 Ml",69.7674,7,Meat,High,Weak,False,0
434,Cookie - Dough Variety,71.1551,7,Meat,Low,Weak,True,0
106,Pickerel - Fillets,18.753,7,Meat,High,Weak,False,19
66,Pie Filling - Cherry,9.8823,7,Meat,Medium,Weak,False,0
266,Clam Nectar,68.1097,7,Meat,High,Weak,Unknown,0
151,"Mushrooms - Black, Dried",93.5613,7,Meat,High,Weak,True,0
160,Beef Ground Medium,54.6874,7,Meat,Medium,Weak,True,0
50,Pork - Kidney,43.2864,7,Meat,High,Weak,True,0
333,Cheese - Cottage Cheese,20.2364,7,Meat,High,Weak,False,0
215,"Veal - Brisket, Provimi,bnls",90.1157,7,Meat,High,Weak,Unknown,92
263,Soupfoamcont12oz 112con,50.7497,7,Meat,Low,Weak,False,0
184,Hersey Shakes,26.5776,9,Poultry,Low,Weak,True,0
284,Beer - Rickards Red,93.4888,9,Poultry,Low,Weak,False,0
47,"Thyme - Lemon, Fresh",47.1339,9,Poultry,High,Weak,False,0
420,Whmis - Spray Bottle Trigger,69.9163,9,Poultry,High,Weak,True,0
94,V8 - Berry Blend,43.5109,9,Poultry,High,Weak,Unknown,108
242,Thermometer Digital,32.65,9,Poultry,Low,Weak,False,11
335,"Oil - Shortening,liqud, Fry",18.4231,9,Poultry,Low,Weak,Unknown,84
125,"Nut - Chestnuts, Whole",6.1417,9,Poultry,Low,Weak,False,0
229,Bread - Hot Dog Buns,57.9838,9,Poultry,Medium,Weak,False,66
311,Wonton Wrappers,40.206,9,Poultry,High,Weak,Unknown,56
56,Chips Potato Salt Vinegar 43g,46.4033,9,Poultry,Low,Weak,False,0
63,Cake - Mini Cheesecake,56.2689,9,Poultry,Low,Weak,Unknown,0
310,Coffee - Dark Roast,79.978,9,Poultry,Low,Weak,False,0
118,Garbag Bags - Black,65.967,9,Poultry,High,Weak,Unknown,0
182,Campari,25.586,9,Poultry,Low,Weak,False,54
3,Onions - Cippolini,9.1379,9,Poultry,Medium,Weak,False,111
43,Sponge Cake Mix - Chocolate,16.3983,9,Poultry,High,Weak,True,96
155,"Peas - Pigeon, Dry",63.5524,9,Poultry,High,Weak,False,0
54,"Liners - Banana, Paper",53.5592,9,Poultry,Medium,Weak,True,0
246,Ice Cream Bar - Hageen Daz To,48.5371,9,Poultry,Low,Weak,False,96
247,Juice - Apple Cider,59.0033,9,Poultry,High,Weak,False,58
230,"Wine - Cahors Ac 2000, Clos",83.5389,11,Produce,Medium,Weak,False,75
316,Cheese - Victor Et Berthold,65.9395,11,Produce,High,Weak,False,94
162,Sauce - Demi Glace,2.7353,11,Produce,Medium,Weak,True,117
133,Beef - Top Sirloin - Aaa,2.9327,11,Produce,Low,Weak,Unknown,0
202,Bay Leaf,78.8778,11,Produce,Low,Weak,True,0
278,Apricots - Halves,0.3735,11,Produce,Medium,Weak,False,87
398,Wine - Wyndham Estate Bin 777,42.3632,11,Produce,High,Weak,True,67
26,Squid U5 - Thailand,33.7821,11,Produce,Medium,Weak,False,10
115,Ocean Spray - Ruby Red,45.0466,11,Produce,Low,Weak,False,0
117,Ketchup - Tomato,68.638,11,Produce,High,Weak,Unknown,0
79,"Pasta - Penne, Rigate, Dry",9.5045,11,Produce,High,Weak,False,104
39,Dried Figs,75.2059,11,Produce,Medium,Weak,False,120
73,Appetizer - Sausage Rolls,48.1907,11,Produce,Low,Weak,True,0
38,Sage - Ground,81.6579,6,Seafood,High,Weak,False,0
30,"Cheese - Brie, Triple Creme",67.899,6,Seafood,Low,Weak,Unknown,72
34,Mustard Prepared,43.3463,6,Seafood,Medium,Weak,Unknown,7
22,Rice - Jasmine Sented,27.8955,6,Seafood,Medium,Weak,Unknown,48
329,"Pork - Loin, Center Cut",39.3496,6,Seafood,High,Weak,True,0
132,Beer - Blue,11.6217,6,Seafood,High,Weak,False,24
243,Sun - Dried Tomatoes,45.1883,6,Seafood,Medium,Weak,False,104
142,"Pork - Bacon, Double Smoked",24.7809,6,Seafood,Medium,Weak,True,0
185,Foam Dinner Plate,48.4195,6,Seafood,Low,Weak,Unknown,40
339,Beef - Striploin Aa,2.389,2,Shell fish,Medium,Weak,Unknown,0
383,Cake - Box Window 10x10x2.5,9.9694,2,Shell fish,High,Weak,Unknown,0
60,"Pepper - Paprika, Hungarian",31.6949,2,Shell fish,Medium,Weak,Unknown,0
86,Longos - Grilled Chicken With,18.3791,2,Shell fish,Low,Weak,False,0
361,Coffee Decaf Colombian,36.4516,2,Shell fish,Medium,Weak,True,71
134,Wine - Toasted Head,39.8545,2,Shell fish,High,Weak,True,0
272,"Chocolate - Semi Sweet, Calets",68.1134,2,Shell fish,Low,Weak,True,13
212,Curry Paste - Madras,61.746,2,Shell fish,High,Weak,True,97
80,Wasabi Powder,93.9752,2,Shell fish,High,Weak,True,0
274,Papayas,88.1192,2,Shell fish,Low,Weak,False,0
220,Meldea Green Tea Liquor,17.961,10,Snails,Low,Weak,False,0
265,"Mushroom - Porcini, Dry",13.9292,10,Snails,Medium,Weak,Unknown,7
149,Zucchini - Yellow,98.4644,10,Snails,High,Weak,True,0
136,Vol Au Vents,24.3913,10,Snails,Medium,Weak,True,0
416,Baking Powder,84.6763,10,Snails,Low,Weak,True,0
178,Pernod,52.3623,10,Snails,High,Weak,True,0
191,"Hickory Smoke, Liquid",10.283,10,Snails,High,Weak,Unknown,0
213,Pate - Cognac,70.5891,10,Snails,High,Weak,True,39
112,Browning Caramel Glace,81.7943,10,Snails,High,Weak,Unknown,0
386,Sprouts - Baby Pea Tendrils,42.7112,10,Snails,Medium,Weak,False,0
199,Pork - Hock And Feet Attached,95.7415,10,Snails,Medium,Weak,Unknown,105
323,Extract - Lemon,54.3266,10,Snails,High,Weak,False,99
294,Wine - Alsace Gewurztraminer,80.7133,10,Snails,Low,Weak,Unknown,18
431,Muffin Chocolate Individual Wrap,19.9957,10,Snails,Medium,Weak,False,89
249,Cookie Dough - Double,76.6201,10,Snails,Medium,Weak,True,0
161,Longos - Chicken Wings,64.6118,10,Snails,Low,Weak,Unknown,0
33,Beans - Wax,45.5551,10,Snails,Medium,Weak,True,0
